Address,Amount
bc1pqetqhkqdxk4mce035p4wurmvk5x997um9emryjyqnd8ypm7p5j9sn9ru40,1
bc1pqetqhkqdxk4mce035p4wurmvk5x997um9emryjyqnd8ypm7p5j9sn9ru40,1
bc1pqetqhkqdxk4mce035p4wurmvk5x997um9emryjyqnd8ypm7p5j9sn9ru40,1
bc1pqetqhkqdxk4mce035p4wurmvk5x997um9emryjyqnd8ypm7p5j9sn9ru40,1
bc1pqetqhkqdxk4mce035p4wurmvk5x997um9emryjyqnd8ypm7p5j9sn9ru40,1
bc1pqetqhkqdxk4mce035p4wurmvk5x997um9emryjyqnd8ypm7p5j9sn9ru40,1
bc1pqetqhkqdxk4mce035p4wurmvk5x997um9emryjyqnd8ypm7p5j9sn9ru40,1
bc1pqetqhkqdxk4mce035p4wurmvk5x997um9emryjyqnd8ypm7p5j9sn9ru40,1
bc1pqetqhkqdxk4mce035p4wurmvk5x997um9emryjyqnd8ypm7p5j9sn9ru40,1
bc1pqetqhkqdxk4mce035p4wurmvk5x997um9emryjyqnd8ypm7p5j9sn9ru40,1
bc1pqetqhkqdxk4mce035p4wurmvk5x997um9emryjyqnd8ypm7p5j9sn9ru40,1
bc1pqetqhkqdxk4mce035p4wurmvk5x997um9emryjyqnd8ypm7p5j9sn9ru40,1
bc1pqetqhkqdxk4mce035p4wurmvk5x997um9emryjyqnd8ypm7p5j9sn9ru40,1
bc1pqetqhkqdxk4mce035p4wurmvk5x997um9emryjyqnd8ypm7p5j9sn9ru40,1
bc1pqetqhkqdxk4mce035p4wurmvk5x997um9emryjyqnd8ypm7p5j9sn9ru40,1
bc1pqetqhkqdxk4mce035p4wurmvk5x997um9emryjyqnd8ypm7p5j9sn9ru40,1
bc1pqetqhkqdxk4mce035p4wurmvk5x997um9emryjyqnd8ypm7p5j9sn9ru40,1
bc1pqetqhkqdxk4mce035p4wurmvk5x997um9emryjyqnd8ypm7p5j9sn9ru40,1
bc1pqetqhkqdxk4mce035p4wurmvk5x997um9emryjyqnd8ypm7p5j9sn9ru40,1
bc1pqetqhkqdxk4mce035p4wurmvk5x997um9emryjyqnd8ypm7p5j9sn9ru40,1
bc1pqetqhkqdxk4mce035p4wurmvk5x997um9emryjyqnd8ypm7p5j9sn9ru40,1
bc1pqetqhkqdxk4mce035p4wurmvk5x997um9emryjyqnd8ypm7p5j9sn9ru40,1
bc1pqetqhkqdxk4mce035p4wurmvk5x997um9emryjyqnd8ypm7p5j9sn9ru40,1
bc1pqetqhkqdxk4mce035p4wurmvk5x997um9emryjyqnd8ypm7p5j9sn9ru40,1
bc1pqetqhkqdxk4mce035p4wurmvk5x997um9emryjyqnd8ypm7p5j9sn9ru40,1
bc1pqetqhkqdxk4mce035p4wurmvk5x997um9emryjyqnd8ypm7p5j9sn9ru40,1
bc1pqetqhkqdxk4mce035p4wurmvk5x997um9emryjyqnd8ypm7p5j9sn9ru40,1
bc1pqetqhkqdxk4mce035p4wurmvk5x997um9emryjyqnd8ypm7p5j9sn9ru40,1
bc1pqetqhkqdxk4mce035p4wurmvk5x997um9emryjyqnd8ypm7p5j9sn9ru40,1
bc1pqetqhkqdxk4mce035p4wurmvk5x997um9emryjyqnd8ypm7p5j9sn9ru40,1
bc1pqetqhkqdxk4mce035p4wurmvk5x997um9emryjyqnd8ypm7p5j9sn9ru40,1
bc1pqetqhkqdxk4mce035p4wurmvk5x997um9emryjyqnd8ypm7p5j9sn9ru40,1
bc1pqetqhkqdxk4mce035p4wurmvk5x997um9emryjyqnd8ypm7p5j9sn9ru40,1
bc1pqetqhkqdxk4mce035p4wurmvk5x997um9emryjyqnd8ypm7p5j9sn9ru40,1
bc1pqetqhkqdxk4mce035p4wurmvk5x997um9emryjyqnd8ypm7p5j9sn9ru40,1
bc1pqetqhkqdxk4mce035p4wurmvk5x997um9emryjyqnd8ypm7p5j9sn9ru40,1
bc1pqetqhkqdxk4mce035p4wurmvk5x997um9emryjyqnd8ypm7p5j9sn9ru40,1
bc1pqetqhkqdxk4mce035p4wurmvk5x997um9emryjyqnd8ypm7p5j9sn9ru40,1
bc1pqetqhkqdxk4mce035p4wurmvk5x997um9emryjyqnd8ypm7p5j9sn9ru40,1
bc1pqetqhkqdxk4mce035p4wurmvk5x997um9emryjyqnd8ypm7p5j9sn9ru40,1
bc1pqetqhkqdxk4mce035p4wurmvk5x997um9emryjyqnd8ypm7p5j9sn9ru40,1
bc1pqetqhkqdxk4mce035p4wurmvk5x997um9emryjyqnd8ypm7p5j9sn9ru40,1
bc1pqetqhkqdxk4mce035p4wurmvk5x997um9emryjyqnd8ypm7p5j9sn9ru40,1
bc1pqetqhkqdxk4mce035p4wurmvk5x997um9emryjyqnd8ypm7p5j9sn9ru40,1
bc1pqetqhkqdxk4mce035p4wurmvk5x997um9emryjyqnd8ypm7p5j9sn9ru40,1
bc1pqetqhkqdxk4mce035p4wurmvk5x997um9emryjyqnd8ypm7p5j9sn9ru40,1
bc1pqetqhkqdxk4mce035p4wurmvk5x997um9emryjyqnd8ypm7p5j9sn9ru40,1
bc1pqetqhkqdxk4mce035p4wurmvk5x997um9emryjyqnd8ypm7p5j9sn9ru40,1
bc1pqetqhkqdxk4mce035p4wurmvk5x997um9emryjyqnd8ypm7p5j9sn9ru40,1
bc1pqetqhkqdxk4mce035p4wurmvk5x997um9emryjyqnd8ypm7p5j9sn9ru40,1
bc1pqetqhkqdxk4mce035p4wurmvk5x997um9emryjyqnd8ypm7p5j9sn9ru40,1
bc1pqetqhkqdxk4mce035p4wurmvk5x997um9emryjyqnd8ypm7p5j9sn9ru40,1
bc1pqetqhkqdxk4mce035p4wurmvk5x997um9emryjyqnd8ypm7p5j9sn9ru40,1
bc1pqetqhkqdxk4mce035p4wurmvk5x997um9emryjyqnd8ypm7p5j9sn9ru40,1
bc1pqetqhkqdxk4mce035p4wurmvk5x997um9emryjyqnd8ypm7p5j9sn9ru40,1
bc1pqetqhkqdxk4mce035p4wurmvk5x997um9emryjyqnd8ypm7p5j9sn9ru40,1
bc1pqetqhkqdxk4mce035p4wurmvk5x997um9emryjyqnd8ypm7p5j9sn9ru40,1
bc1pqetqhkqdxk4mce035p4wurmvk5x997um9emryjyqnd8ypm7p5j9sn9ru40,1
bc1pqetqhkqdxk4mce035p4wurmvk5x997um9emryjyqnd8ypm7p5j9sn9ru40,1
bc1pqetqhkqdxk4mce035p4wurmvk5x997um9emryjyqnd8ypm7p5j9sn9ru40,1
bc1pqetqhkqdxk4mce035p4wurmvk5x997um9emryjyqnd8ypm7p5j9sn9ru40,1
bc1pqetqhkqdxk4mce035p4wurmvk5x997um9emryjyqnd8ypm7p5j9sn9ru40,1
bc1pqetqhkqdxk4mce035p4wurmvk5x997um9emryjyqnd8ypm7p5j9sn9ru40,1
bc1pqetqhkqdxk4mce035p4wurmvk5x997um9emryjyqnd8ypm7p5j9sn9ru40,1
bc1pqetqhkqdxk4mce035p4wurmvk5x997um9emryjyqnd8ypm7p5j9sn9ru40,1
bc1pqetqhkqdxk4mce035p4wurmvk5x997um9emryjyqnd8ypm7p5j9sn9ru40,1
bc1pqetqhkqdxk4mce035p4wurmvk5x997um9emryjyqnd8ypm7p5j9sn9ru40,1
bc1pqetqhkqdxk4mce035p4wurmvk5x997um9emryjyqnd8ypm7p5j9sn9ru40,1
bc1pqetqhkqdxk4mce035p4wurmvk5x997um9emryjyqnd8ypm7p5j9sn9ru40,1
bc1pqetqhkqdxk4mce035p4wurmvk5x997um9emryjyqnd8ypm7p5j9sn9ru40,1
bc1pqetqhkqdxk4mce035p4wurmvk5x997um9emryjyqnd8ypm7p5j9sn9ru40,1
bc1pqetqhkqdxk4mce035p4wurmvk5x997um9emryjyqnd8ypm7p5j9sn9ru40,1
bc1pqetqhkqdxk4mce035p4wurmvk5x997um9emryjyqnd8ypm7p5j9sn9ru40,1
bc1pqetqhkqdxk4mce035p4wurmvk5x997um9emryjyqnd8ypm7p5j9sn9ru40,1
bc1pqetqhkqdxk4mce035p4wurmvk5x997um9emryjyqnd8ypm7p5j9sn9ru40,1
bc1pqetqhkqdxk4mce035p4wurmvk5x997um9emryjyqnd8ypm7p5j9sn9ru40,1
bc1pqetqhkqdxk4mce035p4wurmvk5x997um9emryjyqnd8ypm7p5j9sn9ru40,1
bc1pqetqhkqdxk4mce035p4wurmvk5x997um9emryjyqnd8ypm7p5j9sn9ru40,1
bc1pqetqhkqdxk4mce035p4wurmvk5x997um9emryjyqnd8ypm7p5j9sn9ru40,1
bc1pqetqhkqdxk4mce035p4wurmvk5x997um9emryjyqnd8ypm7p5j9sn9ru40,1
bc1pqetqhkqdxk4mce035p4wurmvk5x997um9emryjyqnd8ypm7p5j9sn9ru40,1
bc1pqetqhkqdxk4mce035p4wurmvk5x997um9emryjyqnd8ypm7p5j9sn9ru40,1
bc1pqetqhkqdxk4mce035p4wurmvk5x997um9emryjyqnd8ypm7p5j9sn9ru40,1
bc1pqetqhkqdxk4mce035p4wurmvk5x997um9emryjyqnd8ypm7p5j9sn9ru40,1
bc1pqetqhkqdxk4mce035p4wurmvk5x997um9emryjyqnd8ypm7p5j9sn9ru40,1
bc1pqetqhkqdxk4mce035p4wurmvk5x997um9emryjyqnd8ypm7p5j9sn9ru40,1
bc1pqetqhkqdxk4mce035p4wurmvk5x997um9emryjyqnd8ypm7p5j9sn9ru40,1
bc1pqetqhkqdxk4mce035p4wurmvk5x997um9emryjyqnd8ypm7p5j9sn9ru40,1
bc1pqetqhkqdxk4mce035p4wurmvk5x997um9emryjyqnd8ypm7p5j9sn9ru40,1
bc1pqetqhkqdxk4mce035p4wurmvk5x997um9emryjyqnd8ypm7p5j9sn9ru40,1
bc1pqetqhkqdxk4mce035p4wurmvk5x997um9emryjyqnd8ypm7p5j9sn9ru40,1
bc1pqetqhkqdxk4mce035p4wurmvk5x997um9emryjyqnd8ypm7p5j9sn9ru40,1
bc1pqetqhkqdxk4mce035p4wurmvk5x997um9emryjyqnd8ypm7p5j9sn9ru40,1
bc1pqetqhkqdxk4mce035p4wurmvk5x997um9emryjyqnd8ypm7p5j9sn9ru40,1
bc1pqetqhkqdxk4mce035p4wurmvk5x997um9emryjyqnd8ypm7p5j9sn9ru40,1
bc1pqetqhkqdxk4mce035p4wurmvk5x997um9emryjyqnd8ypm7p5j9sn9ru40,1
bc1pqetqhkqdxk4mce035p4wurmvk5x997um9emryjyqnd8ypm7p5j9sn9ru40,1
bc1pqetqhkqdxk4mce035p4wurmvk5x997um9emryjyqnd8ypm7p5j9sn9ru40,1
bc1pqetqhkqdxk4mce035p4wurmvk5x997um9emryjyqnd8ypm7p5j9sn9ru40,1
bc1pqetqhkqdxk4mce035p4wurmvk5x997um9emryjyqnd8ypm7p5j9sn9ru40,1
bc1pqetqhkqdxk4mce035p4wurmvk5x997um9emryjyqnd8ypm7p5j9sn9ru40,1
bc1pqetqhkqdxk4mce035p4wurmvk5x997um9emryjyqnd8ypm7p5j9sn9ru40,1
bc1pqetqhkqdxk4mce035p4wurmvk5x997um9emryjyqnd8ypm7p5j9sn9ru40,1
bc1pqetqhkqdxk4mce035p4wurmvk5x997um9emryjyqnd8ypm7p5j9sn9ru40,1
bc1pqetqhkqdxk4mce035p4wurmvk5x997um9emryjyqnd8ypm7p5j9sn9ru40,1
bc1pqetqhkqdxk4mce035p4wurmvk5x997um9emryjyqnd8ypm7p5j9sn9ru40,1
bc1pqetqhkqdxk4mce035p4wurmvk5x997um9emryjyqnd8ypm7p5j9sn9ru40,1
bc1pqetqhkqdxk4mce035p4wurmvk5x997um9emryjyqnd8ypm7p5j9sn9ru40,1
bc1pqetqhkqdxk4mce035p4wurmvk5x997um9emryjyqnd8ypm7p5j9sn9ru40,1
bc1pqetqhkqdxk4mce035p4wurmvk5x997um9emryjyqnd8ypm7p5j9sn9ru40,1
